index,CashRatio,CurrentRatio,FixedAssets,ForYear,EarningsPerShare,TotalAssets,TotalCurrentAssets,TotalCurrentLiabilities,TotalEquity,Investments,NetCashFlow,ProfitMargin,TotalRevenue,EstimatedSharesOutstanding
0,53,78,13402000000,2010,-5.6,23510000000,7072000000,9011000000,-7987000000,306000000,197000000,8,24855000000,0
1,75,104,19259000000,2010,-11.25,42278000000,14323000000,13806000000,-2731000000,-1181000000,660000000,7,26743000000,0
2,60,88,23084000000,2010,4.02,43225000000,11750000000,13404000000,2021000000,1799000000,-146000000,7,42650000000,0
3,51,73,27510000000,2010,11.39,48415000000,9985000000,13605000000,5635000000,443000000,-604000000,19,40990000000,0
4,23,124,1292547000,2010,5.29,4613814000,3184200000,2559638000,1210694000,0,540210000,6,6205003000,27672156.86
5,40,144,1286034000,2010,5.36,5564774000,3989384000,2764785000,1516205000,0,514360000,6,6493814000,28884799.32
6,3,130,1432030000,2010,6.75,7962358000,4741040000,3654416000,2002912000,0,-1007800000,5,9843861000,29889378.61
7,2,130,1434577000,2010,6.45,8134565000,4940746000,3797477000,2460648000,0,-13889000,5,9737018000,29950489.24
8,93,168,16597000000,2010,40.03,2.07E+11,73286000000,43658000000,1.24E+11,-24042000000,3513000000,22,1.71E+11,30948771.27
9,40,108,20624000000,2010,6.49,2.32E+11,68531000000,63448000000,1.12E+11,-9027000000,-415000000,22,1.83E+11,31036515.68
10,52,111,22471000000,2010,9.28,2.90E+11,89378000000,80610000000,1.19E+11,-44417000000,7276000000,23,2.34E+11,31085098.04
11,85,135,27010000000,2010,8.35,3.22E+11,1.07E+11,79006000000,1.28E+11,-32022000000,-636000000,21,2.16E+11,31562595.21
12,118,227,2247000000,2010,0,27008000000,15354000000,6776000000,-350000000,-1397000000,5874000000,29,18380000000,33263184.08
13,144,259,2298000000,2010,2.58,29198000000,17848000000,6879000000,4492000000,1775000000,3694000000,22,18790000000,35943422.91
14,74,141,2485000000,2010,1.11,27513000000,16081000000,11393000000,1742000000,308000000,-1247000000,9,19960000000,36068376.07
15,77,150,2565000000,2010,3.15,53050000000,16314000000,10894000000,3945000000,29000000,51000000,23,22859000000,36526054.59
16,8,97,803561000,2010,1.88,18918638000,14393651000,14870635000,2319745000,0,164398000,0,87959167000,36632748.54
17,10,97,899582000,2010,1.22,21532183000,16800205000,17250160000,1956899000,-117794000,577507000,0,1.20E+11,36898678.41
18,10,94,1192510000,2010,-0.62,27962982000,20334488000,21578227000,616386000,-86214000,358929000,0,1.36E+11,37101449.28
19,11,90,1530682000,2010,6.73,33656200000,22851847000,25281308000,2129404000,40712000,574390000,1,1.47E+11,38493349.75
20,114,236,8063000000,2010,3.76,67235000000,31323000000,13280000000,26721000000,-3062000000,3989000000,31,19050000000,39107413.01
21,85,202,5971000000,2010,1.64,42953000000,19247000000,9507000000,25171000000,-2225000000,-7327000000,13,19657000000,39193925.23
22,43,130,7869000000,2010,1.5,41207000000,13556000000,10467000000,21526000000,4117000000,588000000,11,20247000000,42895622.9
23,67,154,5732000000,2010,2.94,41247000000,14155000000,9186000000,21211000000,-821000000,938000000,22,20405000000,42900390.63
24,208,265,659774000,2010,0.58,10380298000,4045929000,1525648000,6724634000,-309116000,-590496000,7,4055240000,43194103.19
25,150,185,785123000,2010,0.54,10785829000,4602328000,2494435000,6775905000,-312573000,282844000,6,4147065000,43294346.98
26,180,218,787421000,2010,1.26,11726472000,4821892000,2213556000,7001580000,-535197000,-240840000,13,4795511000,43598200.9
27,169,208,816264000,2010,0,12707114000,5839774000,2811635000,7424835000,-707801000,134755000,20,5854430000,45672333.85
28,821,959,508171000,2010,2.19,6381750000,5472425000,570512000,4739576000,-918720000,-136744000,26,2633689000,46160655.74
29,404,538,622422000,2010,0.35,6859690000,3811886000,709056000,4757897000,2021104000,177144000,22,2864773000,46311832.06
30,272,366,644110000,2010,0.31,7058777000,4079548000,1113585000,5072959000,152175000,315120000,20,3435092000,46520930.23
31,518,635,636116000,2010,0.96,7970278000,4974863000,782934000,5165618000,-989183000,36779000,25,3421409000,48102673.8
32,35,175,10123000000,2010,0,45136000000,29762000000,16993000000,18920000000,-445000000,850000000,2,90559000000,48480884.96
33,48,182,10137000000,2010,2.03,43752000000,28530000000,15658000000,20156000000,104000000,1407000000,1,89804000000,48629064.04
34,42,167,9851000000,2010,3.44,43997000000,26028000000,15602000000,19575000000,-105000000,-2022000000,3,81201000000,49174430.13
35,49,162,9853000000,2010,2.99,40157000000,21829000000,13505000000,17899000000,35000000,-189000000,3,67702000000,49315104.17
36,28,181,253028000,2010,8.44,12000139000,9132143000,5032777000,528487000,-1389770000,677139000,12,3641390000,49844311.8
37,33,230,299188000,2010,10.09,13244257000,10400842000,4512498000,855761000,-1453163000,76470000,11,4319063000,50000000
38,25,219,559628000,2010,8.72,20263977000,13814776000,6305483000,2396380000,-2379208000,107330000,10,5302940000,50030331.75
39,25,254,576706000,2010,8.91,22421830000,16250417000,6405559000,2010030000,-2899032000,90885000,9,6439746000,50111845.73
40,187,245,114900000,2010,1.09,4308400000,2552400000,1043700000,2043200000,-300000000,455300000,11,2312200000,50919101.43
41,212,265,130300000,2010,1.02,4595000000,2835000000,1071500000,2261500000,64900000,240800000,10,2273900000,50935516.07
42,145,191,159200000,2010,0.36,4909700000,2671300000,1400100000,2219200000,-196100000,-442400000,3,2512200000,51785714.29
43,141,188,169300000,2010,-1.46,5515300000,2993100000,1591000000,1619600000,-544100000,-57600000,13,2504100000,52050547.05
44,7,134,15348000000,2010,-4.01,22230000000,3596000000,2686000000,6616000000,-19000000,-46000000,17,5781000000,52305680.35
45,1,80,16205000000,2010,1.19,21042000000,1972000000,2461000000,6544000000,-17000000,-179000000,5,5838000000,52328024.19
46,0,75,17424000000,2010,2.42,22289000000,1694000000,2249000000,6713000000,-8000000,-25000000,10,6053000000,52545814.98
47,14,92,18799000000,2010,2.6,23640000000,1917000000,2093000000,6946000000,-2000000,287000000,10,6098000000,52739371.98
48,10,67,38763000000,2010,2.6,54367000000,4589000000,6823000000,15237000000,-180000000,58000000,8,14945000000,53003130.43
49,9,71,40997000000,2010,3.04,56414000000,4310000000,6112000000,16085000000,-112200000,-161200000,10,14813500000,53092783.51
50,8,56,43635100000,2010,3.34,59544600000,4478100000,7966600000,16820200000,-152100000,45000000,10,16378600000,53201133.14
51,9,57,46133200000,2010,0,61683100000,4072400000,7108500000,17891700000,-60000000,13900000,12,16453200000,54373024.24
52,0,0,564000000,2010,6.14,1.31E+11,0,0,15978000000,-17472000000,-208000000,11,25364000000,55000000
53,0,0,481000000,2012,6.8,1.21E+11,0,0,14620000000,-11056000000,502000000,13,23939000000,55020679.01
54,0,0,429000000,2012,6.54,1.20E+11,0,0,18347000000,-4271000000,2115000000,13,22728000000,55369127.52
55,0,0,427000000,2012,5.88,1.18E+11,0,0,17708000000,-4811000000,-308000000,12,20872000000,56996703.3
56,0,0,0,2012,0,5.49E+11,0,0,98002000000,16730000000,-260000000,5,71214000000,57776615.38
57,0,0,0,2012,6.16,5.41E+11,0,0,1.00E+11,7049000000,1114000000,13,68874000000,58061123.85
58,0,0,0,2012,5.27,5.16E+11,0,0,1.07E+11,14406000000,-571000000,12,64406000000,58094660.19
59,0,0,0,2012,1.69,4.97E+11,0,0,89658000000,8514000000,-129000000,4,58327000000,58112947.66
60,0,0,5234961000,2012,0.61,6401380000,0,0,915425000,8306000,-6653000,14,958511000,58239896.37
61,0,0,5391209000,2012,1.4,6079413000,0,0,967457000,-116098000,-28662000,21,974053000,60089864.86
62,0,0,5472779000,2012,2.06,6097028000,0,0,1227735000,26315000,-26780000,31,984363000,60566948.13
63,0,0,5529461000,2012,1.52,6144194000,0,0,1622391000,-429000,21818000,25,981310000,63204761.9
64,0,0,253630000,2012,6.38,29714689000,0,0,4833479000,-334289000,807780000,5,9047657000,64283750
65,0,0,277645000,2012,6.52,31562466000,0,0,5181307000,136941000,-398528000,5,10381653000,65504492.05
66,0,0,298414000,2012,2.08,30036402000,0,0,4523967000,236527000,-30351000,1,10325494000,65782378.1
67,0,0,343572000,2012,0,29709128000,0,0,4098100000,822048000,-256334000,8,7531780000,65862753.04
68,0,0,160400000,2012,2.08,6860500000,0,0,2085500000,0,-4000000,8,3179600000,66320000
69,0,0,195400000,2012,1.98,10010000000,0,0,3229400000,0,16300000,7,4626500000,66951851.85
70,0,0,249000000,2012,2.07,10910500000,0,0,3638300000,0,166000000,7,5392400000,66997590.36
71,0,0,377600000,2012,0,11489600000,0,0,3596600000,0,65100000,7,5594800000,67005104.41
72,216,359,345091000,2012,1.15,2600627000,728384000,202944000,2345754000,-222277000,-357208000,15,1373947000,67376611.42
73,256,391,450287000,2012,1.65,2957685000,1029714000,263166000,2629431000,-19750000,131902000,19,1577922000,67989669.42
74,227,378,601591000,2012,1.87,4001546000,1262555000,334011000,2945335000,-479392000,-95241000,17,1963874000,68055288.46
75,225,377,753180000,2012,1.8,4187925000,1253188000,332440000,3120878000,153060000,50823000,15,2197448000,68941597.8
76,124,366,1296571000,2012,3.49,3437291000,1407313000,385009000,1833598000,-26574000,8280000,12,2519154000,69150986.84
77,109,340,1357069000,2012,4.93,3584797000,1482915000,436363000,1627361000,169000,-457000,17,2394270000,69174201.9
78,218,294,1231868000,2012,1.69,5223103000,3348850000,1139886000,1359465000,-40275000,2012529000,5,2445548000,69972451.79
79,13,113,2484738000,2012,3.01,9615014000,1831003000,1616685000,3254392000,3154000,-2276034000,9,3651335000,70471794.87
80,87,116,3609000000,2012,4.47,5505000000,1737000000,1501000000,1421000000,-82000000,20000000,7,4657000000,70693512.3
81,84,112,3893000000,2012,7.26,5838000000,1762000000,1580000000,2029000000,-129000000,-42000000,10,5156000000,71048506.69
82,73,98,4299000000,2012,4.47,6064000000,1639000000,1671000000,2127000000,143000000,27000000,11,5368000000,71068637.53
83,74,92,4802000000,2012,6.61,6533000000,1663000000,1806000000,2411000000,-152000000,-34000000,15,5598000000,71766666.67
84,0,0,989000000,2012,4.71,1.27E+11,0,0,20580000000,1853000000,30000000,7,33315000000,71994871.79
85,0,0,1024000000,2012,4.87,1.24E+11,0,0,21480000000,1811000000,-131000000,7,34507000000,72142941.18
86,0,0,1031000000,2012,6.37,1.08E+11,0,0,22304000000,1531000000,-18000000,8,35239000000,72225000
87,0,0,1024000000,2012,5.12,1.05E+11,0,0,20025000000,1045000000,-162000000,6,35653000000,72541806.02
88,55,193,200200000,2012,0,2000600000,946800000,490500000,-66100000,0,-90100000,2,2069600000,72871917.81
89,55,188,207200000,2012,1.82,2015900000,1001700000,532500000,-4800000,0,63100000,8,2118300000,73089179.1
90,45,164,224800000,2012,1.6,2263000000,735100000,447100000,25600000,12300000,-90800000,7,2068100000,73159259.26
91,73,193,226600000,2012,0,2247400000,829300000,429600000,113300000,14100000,112700000,10,2238000000,73283553.88
92,260,375,201109000,2012,1.29,3317696000,2186857000,582429000,2382079000,-988497000,-459644000,16,1551346000,73395038.76
93,323,461,392248000,2012,3.32,4201962000,2796029000,606740000,3302018000,-85000000,414000000,29,2234000000,75222222.22
94,195,341,697000000,2012,0.68,13097000000,2416000000,709000000,8259000000,635000000,66000000,6,2604000000,75346973.37
95,157,313,1036000000,2012,0,13253000000,2578000000,823000000,8694000000,47000000,-44000000,13,3084000000,76631191.22
96,77,231,850000000,2012,0.21,12043000000,5642000000,2443000000,7088000000,406000000,319000000,3,7509000000,76892950.39
97,112,247,861000000,2012,0.88,13174000000,6967000000,2823000000,7868000000,67000000,1291000000,12,9072000000,77742805.76
98,131,244,892000000,2012,1.13,15308000000,9261000000,3798000000,7613000000,-62000000,1795000000,14,9659000000,78313253.01
99,103,230,937000000,2012,1.56,14588000000,8353000000,3632000000,7217000000,-156000000,-1391000000,16,10825000000,78559206.8
100,18,132,383483000,2012,1.9,5190056000,1164743000,879969000,2535151000,0,-12408000,14,3334213000,78693467.34
101,34,157,402790000,2012,2.12,5877902000,1369129000,874545000,3136121000,0,137219000,14,3594136000,78885207.1
102,40,169,448446000,2012,2.39,6420963000,1578604000,936144000,3239561000,0,82412000,15,4021964000,79328426.4
103,37,158,484548000,2012,2.46,6664530000,1619613000,1025172000,3254626000,0,3390000,15,3974295000,79366602.69
104,0,0,81500000,2012,3.36,6187100000,0,0,2084200000,-782300000,-19100000,10,1748600000,79439728.35
105,0,0,92300000,2012,6.79,6318800000,0,0,2134200000,-26300000,39200000,17,2069800000,79534013.61
106,0,0,95400000,2012,8.22,7698100000,0,0,2627000000,-1248900000,81000000,19,2404200000,80174291.94
107,0,0,114100000,2012,9.49,7784800000,0,0,2837100000,-286300000,13200000,21,2435900000,80393961.71
108,244,344,5349000000,2012,6.75,66125000000,27367000000,7947000000,22096000000,2248000000,548000000,27,18676000000,80772833.72
109,386,495,5223000000,2012,6.8,69009000000,34713000000,7008000000,25778000000,-4982000000,-74000000,26,20063000000,80779768.79
110,362,445,4907000000,2012,9.15,71449000000,38515000000,8664000000,28083000000,-4421000000,413000000,32,21662000000,80808080.81
111,340,411,4961000000,2012,0,77626000000,46010000000,11204000000,29875000000,-7677000000,-903000000,34,22991000000,81073446.33
112,0,0,0,2012,4.7,1.35E+11,0,0,9092000000,4352000000,-410000000,10,10259000000,81442632.61
113,0,0,0,2012,6.56,1.45E+11,0,0,8192000000,-743000000,261000000,12,11230000000,81715112.54
114,0,0,0,2012,8.45,1.49E+11,0,0,8124000000,-581000000,6000000,13,12296000000,81838888.89
115,0,0,0,2012,8.6,1.45E+11,0,0,7217000000,-392000000,-281000000,13,12200000000,82290000
116,70,132,5765856000,2012,1.61,14089429000,836267000,632178000,3573101000,22376000,38427000,22,2875960000,82356979.41
117,50,106,7177728000,2013,1.4,20283665000,986087000,932663000,3534165000,-5553000,-75042000,16,3361407000,82359712.23
118,25,50,7590112000,2013,2.02,21263565000,957867000,1929536000,3953560000,39515000,19916000,20,4100048000,82363977.49
119,39,83,9866424000,2013,1.42,26904272000,996468000,1200029000,6651679000,9504000,7194000,14,4771516000,82882006.92
120,54,107,10949000000,2013,0.6,40159000000,24625000000,22980000000,9746000000,-520000000,574000000,0,74452000000,83807505.07
121,62,112,16967000000,2013,-0.52,54505000000,31327000000,28089000000,10741000000,807000000,5899000000,0,88988000000,84281555.15
122,58,105,21838000000,2013,1.28,64747000000,35705000000,33887000000,13384000000,-1066000000,1333000000,1,1.07E+11,85014583.33
123,59,104,29114000000,2013,0,83402000000,45781000000,43816000000,19285000000,-3023000000,3444000000,2,1.36E+11,85161290.32
124,2,102,2235300000,2013,3.09,7914100000,3830000000,3751800000,2061700000,-41900000,-500000,2,17517600000,85347043.7
125,2,103,2422000000,2013,3.57,8399700000,3999200000,3882000000,2072100000,100000,6200000,2,19108800000,85349044.59
126,1,91,2667400000,2013,3.93,9548200000,4709700000,5167400000,2349300000,-10200000,-1300000,2,20862000000,85966932.27
127,1,81,2843200000,2013,0,10060000000,4714800000,5829200000,2310300000,-5000000,-9300000,2,21609000000,86014364.64
128,0,0,1717300000,2013,8.26,58955400000,0,0,23802700000,-3742000000,283000000,4,61497200000,86321839.08
129,0,0,1801500000,2013,8.34,59574500000,0,0,24765200000,-1504000000,-897700000,4,71023500000,86721323.53
130,0,0,1944300000,2013,9.31,61676300000,0,0,24251300000,-1007200000,564800000,3,73874100000,86790990.99
131,0,0,2019800000,2013,9.73,61717800000,0,0,23044100000,-120500000,-38200000,3,79156500000,87143364.2
132,0,0,820000000,2013,3.03,30486000000,0,0,7762000000,606000000,19000000,9,11514000000,87404504.5
133,0,0,791000000,2013,3.57,30251000000,0,0,8145000000,-96000000,186000000,9,11815000000,87600000
134,0,0,765000000,2013,4.73,29772000000,0,0,6571000000,142000000,-103000000,12,12045000000,88190954.77
135,0,0,765000000,2013,4.93,27164000000,0,0,6106000000,-37000000,10000000,12,11682000000,88425827.81
136,3,90,53280000000,2013,4.95,60737000000,4962000000,5536000000,31331000000,-3105000000,-135000000,12,16428000000,89265329.51
137,41,135,52421000000,2013,5.53,61637000000,6366000000,4700000000,33396000000,3702000000,1746000000,15,14771000000,90220125.79
138,21,175,48076000000,2013,-14.06,55952000000,6415000000,3664000000,25937000000,1262000000,-1137000000,40,12691000000,90462211.98
139,80,204,14119000000,2013,-61.2,18842000000,3752000000,1841000000,2566000000,1245000000,698000000,369,6383000000,90760233.92
140,65,125,40929000000,2013,1.58,55781000000,7108000000,5703000000,21857000000,-473000000,1227000000,5,14581000000,91129568.11
141,72,103,41589000000,2013,-3.47,60967000000,10499000000,10234000000,19725000000,-1527000000,3671000000,9,18470000000,91352009.74
142,22,95,33751000000,2013,-13.18,46331000000,3981000000,4180000000,12819000000,-3000000,-6430000000,77,8698000000,91748611.11
143,96,158,32168000000,2013,0,45564000000,5266000000,3328000000,12212000000,-1740000000,2245000000,39,7869000000,92490566.04
144,14,107,10450900000,2013,4.74,17850100000,3439100000,3227600000,7042100000,1300000,-4000000,10,10180400000,92605360.28
145,11,111,10947000000,2013,4.66,17779100000,3294800000,2963000000,7365800000,2000000,-113800000,9,10439000000,92791304.35
146,6,77,10095300000,2013,5.95,17334500000,2793500000,3644400000,7249000000,-4300000,-130200000,13,9894900000,92937808.64
147,46,131,10074400000,2013,2.92,18055300000,4317300000,3283300000,7079600000,0,1294900000,7,9524400000,93028647.21
148,106,305,417436000,2013,3.44,5215463000,2706915000,888514000,2429959000,-117800000,175700000,13,4292100000,93222354.34
149,74,196,532400000,2013,4,6168000000,3157600000,1609900000,2859500000,-53700000,196000000,14,4614700000,95331753.55
150,127,330,590700000,2013,2.26,6985900000,3452200000,1045600000,2907400000,-60200000,82100000,13,5345500000,95551501.15
151,175,382,609500000,2013,2.47,7458400000,3850000000,1008400000,3238500000,335900000,768300000,14,5568700000,95747126.44
152,31,130,18947000000,2013,0.18,40179000000,7700000000,5942000000,13199000000,-269000000,-78000000,1,23700000000,96060394.27
153,24,114,17639000000,2013,-2.14,35742000000,6969000000,6105000000,10593000000,-293000000,-424000000,10,23032000000,96187500
154,34,144,16426000000,2013,0.21,37363000000,7848000000,5458000000,12306000000,-138000000,440000000,1,23906000000,96263736.26
155,37,153,14815000000,2013,-0.31,36528000000,7953000000,5211000000,12046000000,-94000000,42000000,1,22534000000,96591970.8
156,165,237,141000000,2013,1.01,14200000000,6274000000,2652000000,11317000000,-49000000,794000000,24,4856000000,96747150.84
157,185,260,138000000,2013,0.96,14012000000,6241000000,2405000000,6622000000,376000000,451000000,22,4583000000,96986528.5
158,179,241,157000000,2013,1.14,14642000000,6541000000,2714000000,7233000000,21000000,438000000,19,4408000000,97034135.67
159,70,130,189000000,2013,1.21,15251000000,3387000000,2611000000,8068000000,0,-3025000000,19,4664000000,97351598.17
160,0,0,8015120000,2013,4.34,11160078000,0,0,6837215000,23410000,2116765000,42,1000627000,97594930.88
161,0,0,14284209000,2013,2.78,15328143000,0,0,8596132000,16164000,-2452263000,24,1462921000,97648484.85
162,0,0,14935740000,2013,5.22,16140578000,0,0,9046405000,220031000,228105000,41,1685061000,97724277.46
163,0,0,15942309000,2013,5.54,16931305000,0,0,9840526000,102599000,-108953000,40,1856028000,98029366.6
164,163,336,1460000000,2013,0,10515000000,3759000000,1119000000,4714000000,-14000000,218000000,20,6824000000,98770391.87
165,101,231,2509000000,2013,0,49966000000,7125000000,3078000000,18892000000,46000000,1275000000,14,13240000000,98788053.1
166,11,116,1015500000,2013,0,5105300000,2411700000,2074500000,1580900000,-6700000,57400000,4,5863500000,98794021.74
167,23,135,922500000,2013,2.19,4610600000,2091800000,1554100000,1492200000,100000,115700000,3,6140000000,99133149.17
168,13,121,875300000,2013,2.65,4356900000,1921300000,1593000000,1047700000,300000,-143900000,4,6330300000,99636803.87
169,11,122,847900000,2013,3.01,4133700000,1775400000,1459100000,965700000,-500000,-48400000,5,5966900000,99739042.82
170,5,50,11739364000,2013,2.03,14718976000,499447000,994832000,4444988000,41580000,10226000,13,2853926000,99847129.91
171,4,46,12388354000,2013,2.08,15088142000,571807000,1235533000,4727804000,-24000000,3000000,13,2879000000,99850540.96
172,3,46,13029000000,2013,2.36,16038000000,575000000,1241000000,4915000000,-9000000,-4000000,14,3011000000,99915879.83
173,4,43,13933000000,2013,2.66,17241000000,657000000,1533000000,5049000000,-197000000,22000000,15,3159000000,100503724.1
174,0,0,3635000000,2013,3.91,1.53E+11,0,0,18886000000,-5057000000,-2643000000,13,33781000000,100587716.8
175,0,0,3875000000,2013,4.91,1.53E+11,0,0,19496000000,-6140000000,-2764000000,15,34828000000,100626616.9
176,0,0,3938000000,2013,0,1.59E+11,0,0,20673000000,-6615000000,2802000000,16,35895000000,100810050.3
177,0,0,4108000000,2013,0,1.61E+11,0,0,20673000000,-6577000000,474000000,15,34441000000,100815682.7
178,93,237,147900000,2013,2.97,1903800000,913500000,386200000,993500000,0,74600000,6,2089100000,100904000
179,117,252,152500000,2013,4.07,2166400000,1186400000,470500000,1163500000,0,193400000,7,2393500000,101186528.5
180,145,271,174600000,2013,5.13,2407000000,1413400000,520900000,1360000000,0,204300000,8,2706700000,101560188.9
181,61,197,267800000,2013,6.67,2948000000,1322900000,672500000,1659800000,0,-343600000,9,3291300000,102424242.4
182,3,79,3071361000,2013,28.28,6892089000,3278013000,4169150000,-1687319000,-6525000,39098000,11,9147530000,102607154.5
183,3,79,3310475000,2013,32.16,7497163000,3580612000,4541094000,-1621857000,-2940000,-17706000,11,9475313000,103074509.8
184,4,84,3505632000,2013,36.76,8102349000,3970294000,4712873000,-1701390000,-3329000,50824000,11,10187340000,103087474.3
185,4,90,3733254000,2013,41.52,8599787000,4239573000,4690320000,-1787538000,-9698000,14425000,12,10635676000,103088492.7
186,30,126,10224000000,2013,6.03,92663000000,65074000000,51486000000,14875000000,-2941000000,-1253000000,5,86623000000,103274880.4
187,27,140,11007000000,2013,7.47,92921000000,67767000000,48233000000,8665000000,4799000000,2645000000,6,90762000000,103573573.6
188,24,135,12076000000,2013,7.52,94408000000,68234000000,50412000000,6335000000,554000000,-431000000,5,96114000000,104046391.8
189,20,125,12807000000,2013,0,89997000000,62488000000,50134000000,817000000,-510000000,-2501000000,5,94571000000,104280442.8
190,0,0,11858000000,2013,0.26,2.21E+12,0,0,2.37E+11,-37463000000,-9350000000,4,1.00E+11,104313941
191,0,0,10475000000,2013,0.94,2.10E+12,0,0,2.33E+11,25546000000,20570000000,11,1.02E+11,104697561
192,0,0,10049000000,2013,0.36,2.10E+12,0,0,2.43E+11,-5677000000,7267000000,5,95181000000,105022175.7
193,0,0,9485000000,2013,0,2.14E+12,0,0,2.56E+11,-56263000000,20764000000,17,93056000000,105237037
194,69,195,6098000000,2013,4.22,20390000000,9260000000,4759000000,6938000000,0,365000000,17,13936000000,105409090.9
195,52,194,7832000000,2013,3.7,25224000000,10195000000,5248000000,8463000000,0,-537000000,21,9413000000,106031746
196,48,168,10499000000,2013,4.61,26138000000,10162000000,6037000000,8120000000,0,192000000,23,10719000000,106443569.6
197,128,205,4386000000,2013,1.78,20975000000,11796000000,5750000000,8846000000,0,-712000000,10,9968000000,106914223.5
198,62,237,1466667000,2013,4.62,6279952000,3867485000,1635210000,4079730000,331988000,-438195000,10,10914585000,107000000
199,47,206,1579804000,2013,4.85,6356033000,3788987000,1835136000,3941287000,-42570000,-198455000,9,11503963000,107647058.8
200,51,210,1676700000,2013,5.13,6758993000,4083603000,1942681000,2743190000,379406000,509058000,8,11881176000,107801794.9
201,32,205,1725043000,2013,5.15,6498940000,3825962000,1867225000,2559540000,52763000,-360001000,7,12103887000,108037156
202,0,0,1888000000,2013,2.74,1.84E+11,0,0,21158000000,-8497000000,-537000000,18,10737000000,108477227.7
203,0,0,1869000000,2013,2.22,1.83E+11,0,0,22759000000,-5653000000,-874000000,16,10543000000,108840000
204,0,0,1827000000,2013,2.79,1.87E+11,0,0,24289000000,-5666000000,160000000,21,9998000000,109168078.2
205,0,0,2007000000,2013,2.59,2.10E+11,0,0,27306000000,-3082000000,1386000000,20,10346000000,109637188.2
206,14,116,3471000000,2013,-3.36,16005000000,10297000000,8855000000,3745000000,178000000,96000000,3,45457000000,110047154.5
207,39,141,2598000000,2013,1.56,14013000000,10485000000,7436000000,3986000000,-180000000,852000000,1,40611000000,110056237.2
208,50,148,2462000000,2013,3.53,15245000000,11472000000,7777000000,4995000000,-1224000000,-52000000,3,40339000000,110082539.7
209,47,143,2377000000,2013,2.59,13519000000,9886000000,6925000000,4378000000,146000000,-650000000,2,39528000000,110156739.8
210,185,356,391200000,2013,8.54,5041100000,2090400000,586500000,2088200000,0,170600000,23,3049500000,110219298.2
211,164,333,446400000,2013,3.83,5092600000,2047100000,614600000,1804900000,7100000,-106800000,9,3323600000,110750696.4
212,82,156,472400000,2013,1.8,4844000000,1969300000,1260700000,1455300000,21000000,-9600000,4,3416000000,110854700.9
213,100,209,489500000,2013,0,5306100000,2316400000,1108900000,1675100000,0,-45500000,14,3714000000,110978934
214,122,276,3476000000,2013,6.63,12149000000,5873000000,2130000000,5043000000,-225000000,219000000,16,8054000000,111264451.8
215,123,274,3605000000,2013,6.13,12447000000,6131000000,2235000000,5053000000,-171000000,-29000000,14,8446000000,111522633.7
216,35,129,4060000000,2013,3.43,26478000000,5659000000,4381000000,7164000000,840000000,-436000000,7,10282000000,111881188.1
217,43,145,3901000000,2013,4.59,25586000000,6367000000,4400000000,7633000000,-1000000,117000000,8,12483000000,112222818.8
218,31,247,9076000000,2013,2.47,27934000000,11295000000,4578000000,17713000000,0,384000000,5,22364000000,112231428.6
219,38,260,9063000000,2013,3.93,28827000000,12045000000,4637000000,18625000000,0,341000000,7,24551000000,112394179.9
220,84,334,6693000000,2013,-4.49,24080000000,9268000000,2775000000,16298000000,-310000000,584000000,12,15742000000,112620865.1
221,198,398,4271000000,2013,0,19034000000,9167000000,2304000000,12656000000,104000000,2248000000,28,9841000000,112698571.4
222,70,181,1750710000,2013,7.86,11863335000,3184934000,1758279000,8620242000,1912000000,23900000,27,6932200000,113670520.2
223,83,204,1765700000,2013,12.42,14314700000,4535000000,2218100000,10809000000,-864200000,643200000,30,9703300000,114053495.4
224,133,260,2187600000,2013,15.38,19504800000,6700300000,2577700000,9372800000,-2801900000,148900000,33,10763800000,114313725.5
225,143,255,2501800000,2013,0,22876800000,8732200000,3419900000,12140100000,-534300000,1049800000,32,11448800000,114655737.7
226,0,0,1659000000,2013,2.04,3.59E+11,0,0,36431000000,-19781000000,552000000,17,14528000000,115595238.1
227,0,0,1655000000,2013,1.75,3.75E+11,0,0,37497000000,-6050000000,1733000000,14,14942000000,115781842.8
228,0,0,1394000000,2013,2.17,3.85E+11,0,0,37441000000,-29250000000,510000000,16,15649000000,116159169.6
229,0,0,1379000000,2013,2.73,3.94E+11,0,0,38037000000,-6772000000,-433000000,21,14951000000,116470588.2
230,10,139,2276700000,2013,2.61,7507100000,2339400000,1685800000,1114600000,0,8300000,5,8735700000,117015760.9
231,22,128,2372300000,2013,2.79,7820400000,2470900000,1927400000,1224600000,0,241900000,5,8468100000,117122500
232,10,115,2430700000,2013,3.39,7571000000,2313500000,2006800000,1033100000,0,-224600000,5,8570000000,117254109.6
233,10,102,2685900000,2013,2.05,9777000000,2184000000,2141600000,1251300000,0,32600000,4,7997000000,117282913.2
234,34,115,5333000000,2013,1.17,35897000000,9521000000,8279000000,13623000000,1283000000,-4120000000,11,17621000000,117558333.3
235,36,152,4579000000,2013,1.56,38592000000,18916000000,12440000000,15154000000,-44000000,1930000000,16,16385000000,117826087
236,88,173,4417000000,2014,1.21,33749000000,14608000000,8461000000,14852000000,-1624000000,1985000000,13,15879000000,118146718.1
237,53,130,4412000000,2014,0.94,31748000000,10415000000,8017000000,14266000000,-349000000,-3186000000,9,16560000000,118725287.4
238,12,171,1564000000,2014,-2.89,17154000000,3022000000,1772000000,6870000000,-13000000,-60000000,56,7249000000,118729097
239,12,165,1546000000,2014,-0.09,16571000000,3011000000,1824000000,6539000000,-39000000,10000000,2,7143000000,118864265.9
240,21,127,1507000000,2014,-0.09,17024000000,3606000000,2846000000,6457000000,-12000000,370000000,2,7380000000,119358752.2
241,13,143,1490000000,2014,-0.18,18133000000,3471000000,2430000000,6320000000,-205000000,-268000000,3,7477000000,119867841.4
242,58,172,1939400000,2014,2.73,6917000000,2798500000,1623900000,3560600000,0,223800000,8,7436600000,120264571.4
243,37,137,2093900000,2014,2.89,7228000000,2970800000,2168200000,3616200000,0,-141700000,8,8305100000,121254125.4
244,25,133,2448100000,2014,2.72,8825700000,3135200000,2357200000,3553700000,13100000,-220100000,8,8023200000,121272463.8
245,21,139,2501800000,2014,0,8834700000,2911600000,2091800000,3218300000,0,-134000000,1,9071000000,121310344.8
246,0,0,11959168000,2014,1.93,15462321000,0,0,5097065000,-189332000,-781230000,16,1847186000,121326860.8
247,0,0,15817194000,2014,4.87,20176264000,0,0,5741153000,137017000,1323159000,35,2135539000,121572077.9
248,0,0,15688744000,2014,2.83,19886767000,0,0,5697298000,-622324000,-602058000,19,2396998000,122037037
249,0,0,15555641000,2014,3.79,18379456000,0,0,5709435000,-469955000,-1039361000,23,2490821000,123200000
250,0,0,0,2014,2.51,1.86E+12,0,0,1.89E+11,-35338000000,7752000000,13,59581000000,124137931
251,0,0,0,2014,4.35,1.88E+12,0,0,2.04E+11,-25967000000,-6568000000,20,67997000000,124680632.4
252,0,0,0,2014,2.21,1.84E+12,0,0,2.10E+11,-23129000000,2223000000,11,69606000000,125162880.9
253,0,0,0,2014,5.41,1.73E+12,0,0,2.22E+11,-7882000000,-11208000000,25,68024000000,125194628.1
254,5,129,3901700000,2014,1.88,20405300000,4379800000,3401300000,5264400000,-1500000,80900000,6,13469300000,125201900.2
255,5,160,3834900000,2014,0.72,19319500000,4230800000,2642400000,5258500000,0,-800000,3,11838200000,125308000
256,5,108,7130600000,2014,-0.6,17437800000,3563300000,3310100000,4526000000,391400000,0,2,11937000000,125355450.2
257,33,141,2936100000,2014,-1.57,13390600000,3576700000,2532400000,3713600000,0,651400000,6,11642900000,125412849.2
258,13,122,1489000000,2014,0.98,25819000000,17770000000,14590000000,5975000000,59000000,-373000000,0,1.01E+11,126877134.1
259,19,119,1459000000,2014,3.42,26033000000,17939000000,15115000000,6401000000,-82000000,964000000,1,91084000000,126878571.4
260,27,126,1506000000,2014,3.66,30142000000,21752000000,17243000000,6256000000,-99000000,1751000000,1,1.03E+11,126896043.2
261,12,111,1796000000,2014,4.36,34122000000,21956000000,19701000000,6554000000,-14000000,-2260000000,1,1.22E+11,127540983.6
262,22,140,17075000000,2014,5.87,84896000000,38335000000,27297000000,20811000000,-1588000000,591000000,7,55656000000,127551020.4
263,26,139,16577000000,2014,5.99,84681000000,38867000000,27877000000,16746000000,-1275000000,1260000000,4,55184000000,127607913.7
264,25,128,16090000000,2014,3.54,78342000000,33508000000,26242000000,14809000000,-680000000,-881000000,5,47011000000,127619047.6
265,27,122,15322000000,2014,0,74704000000,31967000000,26132000000,13137000000,460000000,708000000,0,38537000000,127746478.9
266,0,0,0,2014,7.96,92545000000,0,0,27531000000,-2786000000,1000000,15,17936000000,127898089.2
267,0,0,0,2014,11.02,94510000000,0,0,28825000000,-3072000000,-36000000,20,19261000000,128275609.8
268,0,0,0,2014,8.5,98248000000,0,0,29587000000,-1464000000,76000000,15,19171000000,128290469
269,0,0,0,2014,8.71,1.02E+11,0,0,29135000000,-6295000000,1120000000,15,18987000000,128326315.8
270,43,137,379176000,2014,0.98,7809542000,4084550000,2972293000,1539211000,-7067000,-3885000,5,6514099000,128373456.8
271,23,111,458596000,2014,0.96,6998414000,2879812000,2605740000,1895785000,37213000,-597385000,4,7184794000,128504155.1
272,26,115,497926000,2014,1.47,7568010000,3371769000,2928765000,2259830000,43419000,248972000,5,9049918000,128506097.6
273,12,106,529823000,2014,1.64,11017943000,5305223000,4994157000,2712652000,118654000,-200481000,5,10855810000,128833980.6
274,82,128,6917531000,2014,0.64,16088709000,1581324000,1237858000,2938746000,0,361244000,8,2432680000,129120000
275,54,118,8947677000,2014,0.26,20594908000,892683000,756387000,6926717000,0,-217970000,3,2865751000,129122257.1
276,32,138,8982783000,2014,1.04,21143276000,1282996000,932131000,6716225000,0,-47774000,11,3538756000,129134615.4
277,36,115,9580057000,2014,4.44,22036245000,981245000,855369000,7089221000,54475000,3190000,42,3663851000,129341317.4
278,7,29,32905000000,2014,1.39,40104000000,1937000000,6720000000,24556000000,0,-3000000,7,15456000000,129386238.5
279,5,21,32819000000,2014,1.59,39448000000,1488000000,6921000000,24204000000,-2000000,-131000000,8,15884000000,129466357.3
280,20,35,31818000000,2014,2.26,39237000000,2451000000,6956000000,23771000000,-219000000,1064000000,11,15714000000,129664102.6
281,9,24,32429000000,2014,0,38936000000,1689000000,7072000000,22597000000,-291000000,-792000000,17,16389000000,129940652.8
282,292,388,593400000,2014,3.5,13378200000,7550500000,1945500000,5589900000,-388400000,1144000000,22,6493900000,130090000
283,357,460,642600000,2014,2.49,17340100000,9712600000,2112200000,6524800000,-552900000,887200000,26,7670400000,130232538.3
284,333,477,814100000,2014,2.02,26964400000,9400900000,1968900000,5919000000,1729800000,758700000,17,9256000000,130303571.4
285,269,367,929800000,2014,0,28085600000,10867500000,2959200000,6599300000,-765400000,1289600000,18,11229200000,130337078.7
286,137,275,792781000,2014,1.16,4098364000,1761708000,640432000,3167664000,-36221000,-114743000,14,2910748000,130465949.8
287,224,370,924260000,2014,1.54,4530565000,2348786000,634315000,3565968000,190810000,432826000,15,3402703000,130720318.7
288,66,235,1309214000,2014,1.57,5561984000,1827833000,777866000,3870384000,720406000,-233081000,12,4425267000,130828674.7
289,42,192,1552524000,2014,0,5629963000,1619361000,845401000,3927947000,-18179000,-231261000,13,4796473000,130892448.5
290,239,295,3900500000,2014,28.94,10166900000,2807600000,950200000,5902200000,48400000,1067900000,31,6104000000,131118210.9
291,225,318,4780700000,2014,24.87,10678100000,2630100000,828300000,5076100000,13500000,-564100000,28,5474700000,131250000
292,213,258,5525800000,2014,27.16,11254200000,2530500000,979700000,4209700000,5000000,285800000,46,4743200000,131284403.7
293,25,93,8539000000,2014,2.97,12738900000,1127100000,1215200000,4035200000,12800000,-1710600000,15,4308300000,131360897.4
294,0,0,643000000,2014,0,1.27E+11,0,0,24129000000,1635000000,-631000000,12,5513000000,131542647.1
295,0,0,592000000,2014,0,1.22E+11,0,0,19196000000,-2070000000,-306000000,67,5133000000,132177264
296,0,0,595000000,2014,1.55,1.33E+11,0,0,19268000000,-9778000000,519000000,16,5342000000,132312925.2
297,0,0,595000000,2014,1.55,1.38E+11,0,0,19646000000,-5584000000,-191000000,16,5276000000,132520000
298,47,129,586000000,2014,2.5,4098100000,933800000,725600000,2060900000,0,91600000,12,2921900000,132923076.9
299,76,171,594100000,2014,2.85,4259700000,1115800000,651200000,2299900000,0,153900000,12,3194300000,133168656.7
300,47,112,616200000,2014,3.06,4359200000,1018100000,905300000,2101900000,0,-73900000,13,3297600000,133239156.6
301,38,104,609600000,2014,3.13,4256900000,906000000,872700000,2023200000,0,-93000000,12,3394800000,133587547.9
302,6,47,37167000000,2014,-1.46,41611000000,2948000000,6266000000,15569000000,1605000000,-64000000,6,12316000000,133606557.4
303,17,66,37134000000,2014,0.73,41782000000,3656000000,5515000000,15995000000,71000000,550000000,4,19080000000,133695652.2
304,73,132,32515000000,2014,1.93,40751000000,7468000000,5656000000,16903000000,222000000,3271000000,8,23125000000,133886823.1
305,22,67,14298000000,2014,-22.43,17357000000,2480000000,3685000000,2138000000,-10000000,-3283000000,115,12764000000,134178947.4
306,17,136,149851000,2014,3.68,2804225000,1672290000,1232217000,1504372000,0,-163650000,5,11359113000,134432669.3
307,13,131,160703000,2014,2.65,2802818000,1664485000,1269981000,939724000,0,-47972000,3,12752076000,134545454.5
308,31,134,152471000,2014,3.06,3214338000,2105459000,1575860000,1047015000,0,-33107000,3,13470067000,134569105.7
309,12,119,190874000,2014,3.52,3184358000,1730698000,1448597000,1150450000,0,39289000,4,13476084000,134595375.7
310,1,22,7981000000,2014,-1.65,17295000000,322000000,1467000000,151000000,-676000000,14000000,2,8155000000,135081967.2
311,0,21,8373000000,2014,-1.7,24388000000,345000000,1635000000,146000000,0,-18000000,2,9108000000,135123042.5
312,0,17,8345000000,2014,-2.43,39316000000,345000000,1972000000,-46000000,0,2000000,3,9754000000,135261437.9
313,16,34,32963000000,2014,0,1.49E+11,3300000000,9572000000,40139000000,0,1530000000,12,29003000000,135346756.2
314,0,0,1120000000,2014,5.7,53734000000,0,0,9769000000,132000000,-1712000000,6,29119000000,135375838.9
315,0,0,1464000000,2014,5.28,54336000000,0,0,10567000000,660000000,-183000000,5,32380000000,135383524.9
316,0,0,1502000000,2014,7.97,55870000000,0,0,10774000000,-1258000000,-1375000000,6,34914000000,135443894.4
317,0,0,1534000000,2014,8.17,57088000000,0,0,12035000000,-990000000,548000000,6,37876000000,135777777.8
318,0,0,217000000,2014,2.59,16548000000,0,0,5453000000,-303000000,49000000,10,4111000000,135997093.8
319,0,0,210000000,2014,3.16,17662000000,0,0,6070000000,-507000000,-54000000,11,4531000000,136064814.8
320,0,0,194000000,2014,3.21,18748000000,0,0,6573000000,-311000000,158000000,11,4945000000,136321621.6
321,0,0,185000000,2014,3.87,18888000000,0,0,6427000000,-615000000,-47000000,12,5142000000,136501079.9
322,24,122,3842000000,2014,5.19,13394000000,4556000000,3736000000,2189000000,-398000000,6000000,14,17085000000,136570561.5
323,21,108,4083000000,2014,2.41,13985000000,4931000000,4579000000,2305000000,-238000000,78000000,13,17420000000,136722352.9
324,28,123,4080000000,2014,2.38,13459000000,4863000000,3946000000,1145000000,-57000000,127000000,13,17277000000,136892876
325,27,124,3796000000,2014,1.53,11958000000,4384000000,3534000000,-299000000,-143000000,-119000000,9,16034000000,137024390.2
326,26,125,1021000000,2014,4.37,4311000000,1420000000,1134000000,146000000,135000000,32000000,10,5533000000,137830508.5
327,20,85,977000000,2014,4.31,4258000000,1395000000,1638000000,154000000,0,30000000,10,5514000000,137875464.7
328,27,102,918000000,2014,4.45,4164000000,1429000000,1405000000,118000000,0,53000000,10,5655000000,138260869.6
329,26,95,906000000,2014,5.01,4518000000,1485000000,1558000000,297000000,0,19000000,11,5761000000,138272425.2
330,0,0,594000000,2014,2.92,65224000000,0,0,7150000000,1214000000,1917000000,20,2666000000,138282208.6
331,0,0,532000000,2014,3.28,69186000000,0,0,7402000000,-3694000000,-380000000,23,2607000000,138289473.7
332,0,0,550000000,2014,2.93,71877000000,0,0,7560000000,-3153000000,76000000,18,2819000000,138385964.9
333,0,0,501000000,2014,0,72978000000,0,0,7796000000,-195000000,1071000000,16,2960000000,138529411.8
334,0,0,724000000,2014,2.71,38863200000,0,0,21419100000,-27400000,562400000,32,2782400000,138643067.8
335,0,0,513400000,2014,2.94,54277800000,0,0,21154800000,127700000,865000000,35,2784900000,139074550.1
336,0,0,508900000,2014,3.37,72241500000,0,0,20923500000,-800000,-1103600000,38,2993100000,139281768
337,0,0,491700000,2014,3.71,67371500000,0,0,20551800000,148800000,326500000,39,3209400000,139399624.8
338,290,334,963238000,2014,10.58,2009280000,666307000,199228000,1538288000,-228389000,650000,10,3214591000,139564784.1
339,309,350,1106984000,2014,14.35,2527317000,859511000,245710000,2012369000,-266254000,96262000,11,4108269000,139568345.3
340,237,291,1217220000,2014,15.3,2725066000,814647000,279942000,2127974000,-206722000,-171460000,11,4501223000,139674042.6
341,148,185,1303558000,2014,0,2026103000,522374000,281793000,1402493000,585648000,-160125000,1,3904384000,139702890.2
342,85,257,3156000000,2014,7.93,14728000000,8639000000,3368000000,7510000000,66000000,1330000000,9,17301000000,139869281
343,60,225,3686000000,2014,9.04,15764000000,9055000000,4021000000,7749000000,-9000000,-398000000,9,19221000000,139920000
344,48,209,3745000000,2014,7.86,15134000000,7947000000,3803000000,7406000000,-11000000,-590000000,7,19110000000,140335195.5
345,32,178,3800000000,2014,0,15011000000,7707000000,4325000000,6875000000,-255000000,-591000000,8,17509000000,140856770.8
346,10,130,12246000000,2014,1.71,17416000000,2526000000,1945000000,3454000000,-139000000,79000000,7,6566000000,141028873.2
347,13,133,13412000000,2014,1.76,19185000000,2597000000,1948000000,3670000000,-255000000,45000000,7,7179000000,141262953.4
348,12,101,14705000000,2014,1.9,20299000000,2320000000,2302000000,3938000000,-385000000,39000000,8,6456000000,141537387.4
349,10,86,15715000000,2014,0,21622000000,2280000000,2655000000,4253000000,-136000000,-31000000,9,6399000000,141553935.9
350,0,0,375893000,2014,0.04,2773905000,0,0,953056000,-106000000,270000000,0,8110000000,141622807
351,0,0,395000000,2014,2.98,3529000000,0,0,1234000000,-211000000,194000000,2,10863000000,141952506.6
352,0,0,445000000,2014,2.3,5824000000,0,0,1744000000,-609000000,572000000,2,16560000000,142117567.6
353,0,0,518000000,2014,2.99,7339000000,0,0,2157000000,-652000000,150000000,2,22760000000,142361111.1
354,33,80,13597000000,2014,0.98,22871000000,2874000000,3575000000,4301000000,-365000000,426000000,6,7452000000,142363636.4
355,32,88,9593000000,2014,0.73,21870000000,2658000000,3019000000,4329000000,9000000,-438000000,4,8106000000,142510822.5
356,44,117,10502000000,2014,1.42,23200000000,3268000000,2792000000,4548000000,-1000000,90000000,7,9226000000,142737081.7
357,43,109,11537000000,2015,-1.61,21334000000,2689000000,2467000000,3461000000,180000000,-34000000,9,7386000000,142754032.3
358,0,0,3587000000,2015,6.21,3.13E+11,0,0,40499000000,-651000000,5220000000,15,23771000000,142857142.9
359,0,0,3839000000,2015,7.05,2.97E+11,0,0,41632000000,4287000000,-4767000000,17,24176000000,142911877.4
360,0,0,3685000000,2015,7.71,3.08E+11,0,0,45053000000,-15602000000,951000000,19,23869000000,142957627.1
361,0,0,3584000000,2015,7.15,3.34E+11,0,0,47284000000,-19270000000,781000000,16,25038000000,143037974.7
362,7,61,4310977000,2015,0.63,4616313000,270310000,444139000,2131447000,-6863000,825000,11,1204546000,143311854.7
363,13,93,4546227000,2015,0.67,4981080000,378899000,407905000,2204602000,-18875000,-7336000,16,1746278000,143408788.3
364,4,83,4925711000,2015,0.25,5437716000,413447000,499018000,2142733000,-252794000,-2446000,5,2173011000,143478260.9
365,0,61,4976879000,2015,-0.28,5261899000,144786000,235552000,2009188000,-45385000,-20440000,8,1357150000,144044321.3
366,20,156,773000000,2015,4.63,5400000000,3094000000,1981000000,1618000000,0,56000000,14,4474000000,144105691.1
367,15,146,919000000,2015,4.47,7063000000,3204000000,2198000000,1884000000,0,-68000000,12,4979000000,144225000
368,12,157,964000000,2015,5.19,7304000000,3224000000,2060000000,1875000000,0,-71000000,13,5244000000,144416445.6
369,14,149,1035000000,2015,5.58,7707000000,3490000000,2346000000,2078000000,0,88000000,14,5259000000,144689341.7
370,24,233,739867000,2015,6.09,3137261000,747241000,321253000,2404535000,0,64553000,19,1587725000,144741052.6
371,6,179,937325000,2015,5.61,4458340000,791617000,442182000,2569878000,0,-52171000,16,1717776000,144800852.3
372,3,148,967097000,2015,0,4459864000,841428000,568782000,2667509000,0,-8796000,11,1797060000,145169712.8
373,19,174,877672000,2015,5.65,4475918000,934458000,536455000,2699867000,0,84391000,14,1966814000,145591411
374,46,119,13881000000,2015,4.68,30283000000,15840000000,13257000000,10833000000,-187000000,1116000000,2,1.05E+11,145639534.9
375,51,122,14830000000,2015,4.69,33024000000,17588000000,14412000000,12303000000,-97000000,1094000000,2,1.13E+11,145666666.7
376,39,101,15401000000,2015,5.41,33017000000,16779000000,16539000000,10617000000,-67000000,-937000000,2,1.16E+11,145806451.6
377,30,98,17043000000,2015,5.36,33163000000,15218000000,15575000000,12079000000,277000000,-1422000000,2,1.19E+11,146666666.7
378,89,178,125000,2015,0,2705000,1993000,1117000,43000,-702000,-1235000,82,1577000,146838235.3
379,508,592,128000,2015,0,7188000,6639000,1122000,4611000,-4688000,11000,239,1514000,146964379.1
380,14,207,6502000,2015,0,102946000,27083000,13110000,8869000,93000,1845000,61,79562000,147062500
381,15,221,6500000,2015,0,216895000,48658000,22048000,-77138000,0,1427000,104,99642000,147250728.9
382,10,68,2260000000,2015,1.46,8323000000,2221000000,3282000000,1217000000,0,66000000,6,8052000000,148064285.7
383,8,70,2318000000,2015,2.61,8113000000,2100000000,2989000000,1615000000,0,-169000000,10,8268000000,148271812.1
384,9,75,2347000000,2015,2.21,8077000000,2093000000,2806000000,1381000000,0,21000000,8,8082000000,148343396.2
385,12,75,2407000000,2015,1.82,7837000000,1908000000,2555000000,1525000000,0,43000000,7,7961000000,148442906.6
386,30,69,604669000,2015,-1.92,5528956000,2015880000,2917624000,2317633000,-179466000,139961000,9,3050195000,148511383.5
387,21,67,1240746000,2015,-0.39,9152930000,2680252000,3980188000,3038510000,484857000,34390000,6,4071003000,148639240.5
388,23,80,1125866000,2015,-0.42,10665127000,3514544000,4390103000,3975183000,-542782000,126482000,5,5373586000,149123742.1
389,24,77,1715828000,2015,-0.07,12770772000,4347327000,5617005000,5002869000,-967711000,250246000,1,6667216000,149147277.9
390,230,298,3322000000,2015,1.87,1.01E+11,65521000000,21996000000,59120000000,-3916000000,-1874000000,21,48607000000,149304175
391,263,339,3252000000,2015,1.5,1.05E+11,67114000000,19809000000,56654000000,-2635000000,-1199000000,17,47142000000,149414519.9
392,258,313,3332000000,2015,1.76,1.13E+11,73368000000,23412000000,59698000000,-8379000000,151000000,18,49161000000,149538365.7
393,264,316,3506000000,2015,2.13,1.22E+11,78719000000,24911000000,63586000000,-4032000000,754000000,22,49247000000,150077720.2
394,1,113,436732000,2015,0,2161282000,794371000,702047000,1067087000,0,1000000,7,4069746000,150120873.8
395,12,93,530087000,2015,0.54,4846300000,1004522000,1085739000,64546000,0,125037000,2,4250447000,150800000
396,45,107,27291000000,2015,0,31782000000,2602000000,2424000000,10483000000,145000000,-192000000,15,12026000000,151291156.5
397,46,122,28584000000,2015,1.93,33053000000,2572000000,2107000000,11152000000,241000000,77000000,15,12669000000,151526717.6
398,74,145,30174000000,2015,2,34745000000,2840000000,1952000000,11652000000,-514000000,-41000000,17,11811000000,151750980.4
399,50,122,31150000000,2015,0,35414000000,2487000000,2040000000,11679000000,396000000,-25000000,15,11069000000,151757419.4
400,64,292,986703000,2015,2.53,4345632000,1624826000,556256000,2201492000,-16986000,12448000,7,4245964000,151839080.5
401,81,287,855702000,2015,3.08,4462452000,1805681000,630131000,2192858000,169697000,161015000,9,4193844000,152091071.4
402,85,341,871421000,2015,3.68,4192460000,1735807000,508669000,1932455000,-256000,-96215000,10,4476886000,152115625
403,26,195,994237000,2015,6.3,4104393000,1590035000,815555000,1842659000,520870000,-277716000,14,4905458000,152150537.6
404,5,79,18909000000,2015,1.25,53940000000,3638000000,4595000000,19289000000,0,83000000,4,18376000000,153232323.2
405,4,89,18646000000,2015,-0.4,51787000000,3907000000,4409000000,17191000000,0,-43000000,1,18095000000,153294396.6
406,3,69,18433000000,2015,1.36,49103000000,2696000000,3918000000,15023000000,0,-40000000,4,18031000000,153853825.9
407,3,58,18069000000,2015,1.58,47604000000,2650000000,4604000000,14060000000,0,-2000000,5,17900000000,153896961.7
408,208,350,971486000,2015,3.49,6521571000,4814294000,1377330000,4854383000,-175687000,259171000,14,7346472000,153965297.7
409,211,346,1081164000,2015,4.07,8134718000,6147882000,1774508000,6135791000,-275400000,642900000,14,8843200000,154166666.7
410,146,248,1247200000,2015,2.37,11479000000,6420600000,2592100000,7740200000,-257100000,-202900000,14,10262700000,154618284.4
411,182,291,1271400000,2015,2.67,13065400000,7908600000,2713700000,9278100000,-1096100000,115100000,13,12416000000,155405515.6
412,50,107,338996000,2015,1.82,5212249000,1563095000,1464061000,3319807000,-428227000,-362869000,12,2918434000,155508474.6
413,50,106,367779000,2015,1.48,5512007000,1688324000,1590109000,2173645000,-289305000,-20591000,8,3142856000,155845575.2
414,52,100,373817000,2015,2.01,5467517000,1683951000,1680969000,1973446000,205987000,108369000,10,3275594000,156382978.7
415,54,83,343820000,2015,0,6390227000,2561277000,3098349000,2608727000,-310711000,588438000,16,3418265000,156753003.5
416,27,164,8615000000,2015,3.77,71526000000,25325000000,15425000000,37938000000,510000000,2714000000,4,1.27E+11,156878431.4
417,13,137,8843000000,2015,3.98,74187000000,25983000000,19027000000,37958000000,519000000,-1608000000,3,1.39E+11,156944905.7
418,11,126,9855000000,2015,4.66,92437000000,29158000000,23169000000,37196000000,387000000,-22000000,3,1.53E+11,157577717.4
419,13,118,10175000000,2015,0,94462000000,31042000000,26250000000,36830000000,256000000,912000000,3,1.78E+11,157618437.9
420,62,163,1.41E+11,2015,13.42,2.33E+11,55720000000,34212000000,1.37E+11,115000000,5075000000,11,2.31E+11,157687963
421,50,152,1.65E+11,2015,11.18,2.54E+11,50250000000,33018000000,1.49E+11,219000000,-4694000000,10,2.20E+11,158299350.6
422,41,132,1.83E+11,2015,10.21,2.66E+11,42232000000,31926000000,1.55E+11,-355000000,-3460000000,10,2.00E+11,158317171.7
423,43,134,1.90E+11,2015,2.46,2.66E+11,35347000000,26464000000,1.53E+11,166000000,-1763000000,4,1.30E+11,158734655.3
424,0,62,8014035000,2015,4.18,8589437000,458882000,740086000,3466196000,23536000,2538000,24,1819814000,158886069.7
425,0,69,8965730000,2015,2.39,9591164000,520875000,756868000,3757949000,-32341000,-2859000,11,2319919000,158925000
426,0,94,10220449000,2015,4.89,11751780000,1188396000,1264627000,5280788000,41933000,0,20,2660147000,158965043.5
427,38,220,10996065000,2015,0.54,12641876000,1314550000,596420000,6942551000,541574000,228529000,4,1803573000,159312320.9
428,6,66,30773000000,2015,0.53,46838000000,5140000000,7763000000,10568000000,-36000000,146000000,2,12835000000,159507785.9
429,13,85,32628000000,2015,2.93,50096000000,5940000000,6994000000,11642000000,409000000,68000000,13,13120000000,159898477.2
430,8,78,36270000000,2015,2.25,54327000000,5615000000,7198000000,11555000000,-25000000,2000000,11,12436000000,160405405.4
431,8,52,41554000000,2015,3.21,58797000000,4191000000,8120000000,12664000000,-901000000,289000000,16,11683000000,160685863.9
432,31,68,21854000000,2015,12.41,52252000000,9651000000,14152000000,11643000000,-202000000,428000000,28,37773000000,161326530.6
433,26,54,21929000000,2015,0.79,54005000000,9158000000,16847000000,8813000000,-262000000,-756000000,2,40362000000,161359782.6
434,31,52,23039000000,2015,5.68,53134000000,9056000000,17526000000,10850000000,-759000000,-116000000,11,40704000000,161424418.6
435,24,49,24375000000,2015,0,51261000000,7451000000,15239000000,12287000000,979000000,790000000,11,39639000000,162016814.2
436,68,182,12993000000,2015,5.22,51499000000,24384000000,13367000000,16229000000,-5000000,4562000000,17,28998000000,162460097.3
437,51,189,10008000000,2015,3.95,50490000000,26082000000,13805000000,13320000000,444000000,-2031000000,13,28406000000,162525000
438,60,169,9784000000,2015,2.17,41166000000,17387000000,10316000000,9993000000,-161000000,-1610000000,8,25130000000,162548262.5
439,67,192,9231000000,2015,0,39964000000,17117000000,8897000000,9998000000,-837000000,-695000000,10,24594000000,162988732.4
440,23,204,9124100000,2015,9.18,59521300000,45102700000,22138800000,10265800000,-3106100000,-1148200000,9,37795400000,163022222.2
441,23,215,9593300000,2015,8.71,61336400000,46044400000,21393700000,9062600000,-1513400000,283000000,9,36066900000,163203463.2
442,22,205,10151900000,2015,0,57947600000,42135800000,20569500000,6743400000,629000000,375200000,7,28862800000,163395922.3
443,25,211,11072100000,2015,0.91,57981400000,41004900000,19402400000,6520000000,655100000,173600000,6,26644000000,163551401.9
444,0,0,534000000,2015,4.47,75283000000,0,0,9778000000,-4444000000,1076000000,26,8984000000,163607594.9
445,0,0,654000000,2015,4.97,79340000000,0,0,10809000000,-3040000000,3970000000,26,9370000000,163625000
446,0,0,670000000,2015,4.91,83126000000,0,0,11134000000,-4128000000,730000000,24,9611000000,163824289.4
447,0,0,693000000,2015,5.14,86936000000,0,0,11275000000,-2708000000,2288000000,23,10002000000,164285714.3
448,8,154,2088665000,2015,2.87,10367682000,2677113000,1738547000,4985330000,0,14683000,6,16022128000,164658593.8
449,28,177,2080305000,2015,3.17,10867524000,3205607000,1811971000,5402193000,0,364757000,6,17504167000,165251798.6
450,30,180,2116075000,2015,3.5,11208642000,3532609000,1962472000,5710038000,0,74257000,6,18909588000,165334527.7
451,8,172,2264062000,2015,3.96,11257885000,3432410000,1995596000,5377876000,0,-421876000,6,20368562000,165992531.1
452,28,149,1110000000,2015,3.49,9284000000,1561000000,1048000000,4163000000,16000000,148000000,8,7383000000,166027065.5
453,17,122,805000000,2015,5.58,8948000000,1383000000,1132000000,3948000000,2000000,-126000000,12,7146000000,166100611.6
454,11,94,933000000,2015,3.83,9857000000,1603000000,1709000000,4301000000,11000000,5000000,7,7435000000,166233333.3
455,11,128,925000000,2015,4.92,9962000000,1501000000,1173000000,4684000000,-32000000,-59000000,9,7493000000,166360139.9
456,0,0,106700000,2015,1.44,8856400000,0,0,4058500000,241400000,-109400000,7,6259300000,166504461.9
457,0,0,190800000,2015,1.57,10185400000,0,0,5115800000,-176300000,-315600000,7,8024900000,166717204.3
458,0,0,146900000,2015,2.05,11151000000,0,0,5894300000,-86400000,722000000,7,10824000000,166956329.1
459,0,0,195400000,2015,2.39,11558900000,0,0,6792500000,-46200000,-80600000,7,12157400000,167187500
460,40,180,2140900000,2015,3.45,32941000000,7587800000,4206100000,19016500000,0,1141700000,13,18260400000,167391304.3
461,69,201,2211300000,2015,3.87,34672200000,9113700000,4527400000,22385300000,958600000,1436500000,15,18283100000,168273092.4
462,56,175,2171900000,2015,3.7,36991700000,9431300000,5396400000,23378100000,253800000,-109600000,14,19154000000,168299516.9
463,13,127,2825600000,2015,4.81,48222200000,7836700000,6170400000,23690300000,-44100000,-2214800000,16,20563100000,168421052.6
464,34,121,22380000000,2015,3.42,81241000000,14109000000,11704000000,45429000000,479000000,544000000,14,45041000000,168979591.8
465,26,114,23332000000,2015,4.31,84141000000,15169000000,13292000000,44958000000,395000000,-510000000,15,48813000000,169084507
466,26,103,25179000000,2015,4.95,88182000000,16758000000,16334000000,44525000000,166000000,848000000,16,52465000000,169968656.7
467,27,101,27349000000,2015,5.76,92033000000,16966000000,16842000000,43265000000,45000000,341000000,17,55632000000,170083108.1
468,32,186,514000000,2015,3.01,14979000000,2410000000,1294000000,6196000000,-36000000,-793000000,19,5535000000,171182423.2
469,14,96,554000000,2015,0.38,15970000000,2491000000,2604000000,5602000000,-119000000,-41000000,18,6265000000,172323232.3
470,25,164,488000000,2015,0,15864000000,2596000000,1579000000,5451000000,-194000000,23000000,16,6394000000,172367149.8
471,19,166,482000000,2015,0,15758000000,2599000000,1561000000,5167000000,-185000000,-90000000,18,6497000000,172648484.8
472,32,186,514000000,2015,0,14979000000,2410000000,1294000000,6196000000,-36000000,-793000000,19,5535000000,173808463.3
473,14,96,554000000,2015,0,15970000000,2491000000,2604000000,5602000000,-119000000,-41000000,18,6265000000,174277283.2
474,25,164,488000000,2015,0,15864000000,2596000000,1579000000,5451000000,-194000000,23000000,16,6394000000,174768518.5
475,19,166,482000000,2016,0,15758000000,2599000000,1561000000,5167000000,-185000000,-90000000,18,6497000000,176389162.6
476,36,148,3216000000,2016,3.9,11047000000,5752000000,3894000000,2911000000,0,284000000,8,15051000000,177381739.1
477,22,134,3532000000,2016,4.5,10721000000,5224000000,3889000000,2510000000,0,-485000000,9,15499000000,177403846.2
478,14,130,3377000000,2016,5.08,11973000000,5121000000,3927000000,2250000000,0,-325000000,10,15165000000,177815699.7
479,20,131,3515000000,2016,0,12292000000,5419000000,4148000000,2401000000,-1000000,259000000,8,16661000000,177870909.1
480,0,0,7536502000,2016,1.48,8819214000,0,0,3468305000,-850169000,15650000,16,1279067000,177989821.9
481,0,0,8313582000,2016,2.12,9626830000,0,0,3610516000,-886818000,-2387000,21,1482259000,178558888.9
482,0,0,8108558000,2016,1,9526784000,0,0,3878256000,-646978000,-15266000,12,1616438000,178581818.2
483,0,0,8664105000,2016,1.56,11451267000,0,0,4500132000,-2626315000,22239000,17,1763336000,178884800
484,59,218,960700000,2016,2.7,2752000000,1473500000,676200000,1667300000,51300000,111600000,8,7394500000,178947368.4
485,39,201,1094000000,2016,2.74,2771900000,1378500000,686300000,1170700000,5900000,-132200000,8,7840300000,178974505.9
486,100,231,1210500000,2016,2.91,3492700000,1994600000,861600000,1785000000,9000000,596400000,7,8602200000,179237288.1
487,35,188,3137600000,2016,1.27,15901200000,3935900000,2095400000,4406900000,29300000,-128000000,2,15498400000,180792682.9
488,17,85,40600000,2016,6.47,1991800000,747400000,876700000,-1017400000,6000000,64700000,18,1663000000,180851063.8
489,28,96,39600000,2016,6.61,1890300000,822400000,852300000,-1048400000,-7200000,86800000,17,1558400000,181627907
490,27,80,22000000,2016,8.06,1986200000,932600000,1158900000,-1203300000,-7700000,83500000,19,1584500000,181671304.3
491,38,100,27200000,2016,4.68,2273600000,959600000,959200000,-1116800000,-21900000,46300000,10,1637100000,181904761.9
492,60,202,787849000,2016,5.86,10855181000,2717972000,1342248000,5377396000,0,3806000,14,7155096000,182046750.5
493,33,139,837069000,2016,4.65,9030291000,2833969000,2038849000,3700725000,0,-122301000,10,7752728000,182632743.4
494,26,177,854269000,2016,5.52,8606076000,2419010000,1367182000,3644575000,-17752000,-319396000,13,6956311000,182903669.7
495,18,133,945670000,2016,0,10115991000,2589191000,1940318000,3799746000,0,-13039000,7,6794342000,183000000
496,15,109,1173000000,2016,3.08,8201000000,1119000000,1030000000,2277000000,0,-213000000,10,5997000000,183100751.9
497,23,117,1141000000,2016,3.59,8265000000,1211000000,1038000000,2294000000,0,90000000,11,6121000000,183152173.9
498,58,115,1156000000,2016,4,8869000000,1817000000,1583000000,2183000000,-35000000,683000000,12,6282000000,183255152.7
